date,dow,dow_name,is_weekend,iso_year,iso_week,is_payday,festival,festival_ramp,is_holiday,monsoon,is_operating
2025-06-01,6,Sunday,1,2025,22,0,,0,0,1,0
2025-06-02,0,Monday,0,2025,23,0,,0,0,1,1
2025-06-03,1,Tuesday,0,2025,23,0,,0,0,1,1
2025-06-04,2,Wednesday,0,2025,23,0,,0,0,1,1
2025-06-05,3,Thursday,0,2025,23,0,,0,0,1,1
2025-06-06,4,Friday,0,2025,23,0,,0,0,1,1
2025-06-07,5,Saturday,1,2025,23,0,,0,0,1,1
2025-06-08,6,Sunday,1,2025,23,0,,0,0,1,0
2025-06-09,0,Monday,0,2025,24,0,,0,0,1,1
2025-06-10,1,Tuesday,0,2025,24,0,,0,0,1,1
2025-06-11,2,Wednesday,0,2025,24,0,,0,0,1,1
2025-06-12,3,Thursday,0,2025,24,0,,0,0,1,1
2025-06-13,4,Friday,0,2025,24,0,,0,0,1,1
2025-06-14,5,Saturday,1,2025,24,0,,0,0,1,1
2025-06-15,6,Sunday,1,2025,24,0,,0,0,1,0
2025-06-16,0,Monday,0,2025,25,0,,0,0,1,1
2025-06-17,1,Tuesday,0,2025,25,0,,0,0,1,1
2025-06-18,2,Wednesday,0,2025,25,0,,0,0,1,1
2025-06-19,3,Thursday,0,2025,25,0,,0,0,1,1
2025-06-20,4,Friday,0,2025,25,0,,0,0,1,1
2025-06-21,5,Saturday,1,2025,25,0,,0,0,1,1
2025-06-22,6,Sunday,1,2025,25,0,,0,0,1,0
2025-06-23,0,Monday,0,2025,26,0,,0,0,1,1
2025-06-24,1,Tuesday,0,2025,26,0,,0,0,1,1
2025-06-25,2,Wednesday,0,2025,26,1,,0,0,1,1
2025-06-26,3,Thursday,0,2025,26,0,,0,0,1,1
2025-06-27,4,Friday,0,2025,26,0,,0,0,1,1
2025-06-28,5,Saturday,1,2025,26,0,,0,0,1,1
2025-06-29,6,Sunday,1,2025,26,0,,0,0,1,0
2025-06-30,0,Monday,0,2025,27,0,,0,0,1,1
2025-07-01,1,Tuesday,0,2025,27,0,,0,0,1,1
2025-07-02,2,Wednesday,0,2025,27,0,,0,0,1,1
2025-07-03,3,Thursday,0,2025,27,0,,0,0,1,1
2025-07-04,4,Friday,0,2025,27,0,,0,0,1,1
2025-07-05,5,Saturday,1,2025,27,0,,0,0,1,1
2025-07-06,6,Sunday,1,2025,27,0,,0,0,1,0
2025-07-07,0,Monday,0,2025,28,0,,0,0,1,1
2025-07-08,1,Tuesday,0,2025,28,0,,0,0,1,1
2025-07-09,2,Wednesday,0,2025,28,0,,0,0,1,1
2025-07-10,3,Thursday,0,2025,28,0,,0,0,1,1
2025-07-11,4,Friday,0,2025,28,0,,0,0,1,1
2025-07-12,5,Saturday,1,2025,28,0,,0,0,1,1
2025-07-13,6,Sunday,1,2025,28,0,,0,0,1,0
2025-07-14,0,Monday,0,2025,29,0,,0,0,1,1
2025-07-15,1,Tuesday,0,2025,29,0,,0,0,1,1
2025-07-16,2,Wednesday,0,2025,29,0,,0,0,1,1
2025-07-17,3,Thursday,0,2025,29,0,,0,0,1,1
2025-07-18,4,Friday,0,2025,29,0,,0,0,1,1
2025-07-19,5,Saturday,1,2025,29,0,,0,0,1,1
2025-07-20,6,Sunday,1,2025,29,0,,0,0,1,0
2025-07-21,0,Monday,0,2025,30,0,,0,0,1,1
2025-07-22,1,Tuesday,0,2025,30,0,,0,0,1,1
2025-07-23,2,Wednesday,0,2025,30,0,,0,0,1,1
2025-07-24,3,Thursday,0,2025,30,0,,0,0,1,1
2025-07-25,4,Friday,0,2025,30,1,,0,0,1,1
2025-07-26,5,Saturday,1,2025,30,0,,0,0,1,1
2025-07-27,6,Sunday,1,2025,30,0,,0,0,1,0
2025-07-28,0,Monday,0,2025,31,0,,0,0,1,1
2025-07-29,1,Tuesday,0,2025,31,0,,0,0,1,1
2025-07-30,2,Wednesday,0,2025,31,0,,0,0,1,1
2025-07-31,3,Thursday,0,2025,31,0,,0,0,1,1
2025-08-01,4,Friday,0,2025,31,0,,0,0,1,1
2025-08-02,5,Saturday,1,2025,31,0,,0,0,1,1
2025-08-03,6,Sunday,1,2025,31,0,,0,0,1,0
2025-08-04,0,Monday,0,2025,32,0,,0,0,1,1
2025-08-05,1,Tuesday,0,2025,32,0,,0,0,1,1
2025-08-06,2,Wednesday,0,2025,32,0,,0,0,1,1
2025-08-07,3,Thursday,0,2025,32,0,,0,0,1,1
2025-08-08,4,Friday,0,2025,32,0,,0,0,1,1
2025-08-09,5,Saturday,1,2025,32,0,,0,0,1,1
2025-08-10,6,Sunday,1,2025,32,0,,0,0,1,0
2025-08-11,0,Monday,0,2025,33,0,,0,0,1,1
2025-08-12,1,Tuesday,0,2025,33,0,,0,0,1,1
2025-08-13,2,Wednesday,0,2025,33,0,,0,0,1,1
2025-08-14,3,Thursday,0,2025,33,0,,0,0,1,1
2025-08-15,4,Friday,0,2025,33,0,,0,0,1,1
2025-08-16,5,Saturday,1,2025,33,0,,0,0,1,1
2025-08-17,6,Sunday,1,2025,33,0,,0,0,1,0
2025-08-18,0,Monday,0,2025,34,0,,0,0,1,1
2025-08-19,1,Tuesday,0,2025,34,0,,0,0,1,1
2025-08-20,2,Wednesday,0,2025,34,0,,0,0,1,1
2025-08-21,3,Thursday,0,2025,34,0,,0,0,1,1
2025-08-22,4,Friday,0,2025,34,0,,0,0,1,1
2025-08-23,5,Saturday,1,2025,34,0,,0,0,1,1
2025-08-24,6,Sunday,1,2025,34,0,,0,0,1,0
2025-08-25,0,Monday,0,2025,35,1,,0,0,1,1
2025-08-26,1,Tuesday,0,2025,35,0,,0,0,1,1
2025-08-27,2,Wednesday,0,2025,35,0,,0,0,1,1
2025-08-28,3,Thursday,0,2025,35,0,,0,0,1,1
2025-08-29,4,Friday,0,2025,35,0,,0,0,1,1
2025-08-30,5,Saturday,1,2025,35,0,,0,0,1,1
2025-08-31,6,Sunday,1,2025,35,0,,0,0,1,0
2025-09-01,0,Monday,0,2025,36,0,,0,0,1,1
2025-09-02,1,Tuesday,0,2025,36,0,,0,0,1,1
2025-09-03,2,Wednesday,0,2025,36,0,,0,0,1,1
2025-09-04,3,Thursday,0,2025,36,0,,0,0,1,1
2025-09-05,4,Friday,0,2025,36,0,,0,0,1,1
2025-09-06,5,Saturday,1,2025,36,0,,0,0,1,1
2025-09-07,6,Sunday,1,2025,36,0,,0,0,1,0
2025-09-08,0,Monday,0,2025,37,0,,0,0,1,1
2025-09-09,1,Tuesday,0,2025,37,0,,0,0,1,1
2025-09-10,2,Wednesday,0,2025,37,0,,0,0,1,1
2025-09-11,3,Thursday,0,2025,37,0,,0,0,1,1
2025-09-12,4,Friday,0,2025,37,0,,0,0,1,1
2025-09-13,5,Saturday,1,2025,37,0,,0,0,1,1
2025-09-14,6,Sunday,1,2025,37,0,,0,0,1,0
2025-09-15,0,Monday,0,2025,38,0,,0,0,1,1
2025-09-16,1,Tuesday,0,2025,38,0,,0,0,1,1
2025-09-17,2,Wednesday,0,2025,38,0,,0,0,1,1
2025-09-18,3,Thursday,0,2025,38,0,,0,0,1,1
2025-09-19,4,Friday,0,2025,38,0,,0,0,1,1
2025-09-20,5,Saturday,1,2025,38,0,,0,0,1,1
2025-09-21,6,Sunday,1,2025,38,0,,0,0,1,0
2025-09-22,0,Monday,0,2025,39,0,,0,0,1,1
2025-09-23,1,Tuesday,0,2025,39,0,,0,0,1,1
2025-09-24,2,Wednesday,0,2025,39,0,,0,0,1,1
2025-09-25,3,Thursday,0,2025,39,1,,0,0,1,1
2025-09-26,4,Friday,0,2025,39,0,,0,0,1,1
2025-09-27,5,Saturday,1,2025,39,0,,0,0,1,1
2025-09-28,6,Sunday,1,2025,39,0,,0,0,1,0
2025-09-29,0,Monday,0,2025,40,0,,0,0,1,1
2025-09-30,1,Tuesday,0,2025,40,0,,0,0,1,1
2025-10-01,2,Wednesday,0,2025,40,0,,0,0,1,1
2025-10-02,3,Thursday,0,2025,40,0,,0,0,1,1
2025-10-03,4,Friday,0,2025,40,0,,0,0,1,1
2025-10-04,5,Saturday,1,2025,40,0,,0,0,1,1
2025-10-05,6,Sunday,1,2025,40,0,,0,0,1,0
2025-10-06,0,Monday,0,2025,41,0,,0,0,1,1
2025-10-07,1,Tuesday,0,2025,41,0,,0,0,1,1
2025-10-08,2,Wednesday,0,2025,41,0,,0,0,1,1
2025-10-09,3,Thursday,0,2025,41,0,,0,0,1,1
2025-10-10,4,Friday,0,2025,41,0,,0,0,1,1
2025-10-11,5,Saturday,1,2025,41,0,,0.1,0,1,1
2025-10-12,6,Sunday,1,2025,41,0,,0.2,0,1,0
2025-10-13,0,Monday,0,2025,42,0,,0.3,0,1,1
2025-10-14,1,Tuesday,0,2025,42,0,,0.4,0,1,1
2025-10-15,2,Wednesday,0,2025,42,0,,0.5,0,1,1
2025-10-16,3,Thursday,0,2025,42,0,,0.6,0,1,1
2025-10-17,4,Friday,0,2025,42,0,,0.7,0,1,1
2025-10-18,5,Saturday,1,2025,42,0,,0.8,0,1,1
2025-10-19,6,Sunday,1,2025,42,0,,0.9,0,1,0
2025-10-20,0,Monday,0,2025,43,0,Deepavali,1,1,1,0
2025-10-21,1,Tuesday,0,2025,43,0,,0,0,1,1
2025-10-22,2,Wednesday,0,2025,43,0,,0,0,1,1
2025-10-23,3,Thursday,0,2025,43,0,,0,0,1,1
2025-10-24,4,Friday,0,2025,43,0,,0,0,1,1
2025-10-25,5,Saturday,1,2025,43,1,,0,0,1,1
2025-10-26,6,Sunday,1,2025,43,0,,0,0,1,0
2025-10-27,0,Monday,0,2025,44,0,,0,0,1,1
2025-10-28,1,Tuesday,0,2025,44,0,,0,0,1,1
2025-10-29,2,Wednesday,0,2025,44,0,,0,0,1,1
2025-10-30,3,Thursday,0,2025,44,0,,0,0,1,1
2025-10-31,4,Friday,0,2025,44,0,,0,0,1,1
2025-11-01,5,Saturday,1,2025,44,0,,0,0,1,1
2025-11-02,6,Sunday,1,2025,44,0,,0,0,1,0
2025-11-03,0,Monday,0,2025,45,0,,0,0,1,1
2025-11-04,1,Tuesday,0,2025,45,0,,0,0,1,1
2025-11-05,2,Wednesday,0,2025,45,0,,0,0,1,1
2025-11-06,3,Thursday,0,2025,45,0,,0,0,1,1
2025-11-07,4,Friday,0,2025,45,0,,0,0,1,1
2025-11-08,5,Saturday,1,2025,45,0,,0,0,1,1
2025-11-09,6,Sunday,1,2025,45,0,,0,0,1,0
2025-11-10,0,Monday,0,2025,46,0,,0,0,1,1
2025-11-11,1,Tuesday,0,2025,46,0,,0,0,1,1
2025-11-12,2,Wednesday,0,2025,46,0,,0,0,1,1
2025-11-13,3,Thursday,0,2025,46,0,,0,0,1,1
2025-11-14,4,Friday,0,2025,46,0,,0,0,1,1
2025-11-15,5,Saturday,1,2025,46,0,,0,0,1,1
2025-11-16,6,Sunday,1,2025,46,0,,0,0,1,0
2025-11-17,0,Monday,0,2025,47,0,,0,0,1,1
2025-11-18,1,Tuesday,0,2025,47,0,,0,0,1,1
2025-11-19,2,Wednesday,0,2025,47,0,,0,0,1,1
2025-11-20,3,Thursday,0,2025,47,0,,0,0,1,1
2025-11-21,4,Friday,0,2025,47,0,,0,0,1,1
2025-11-22,5,Saturday,1,2025,47,0,,0,0,1,1
2025-11-23,6,Sunday,1,2025,47,0,,0,0,1,0
2025-11-24,0,Monday,0,2025,48,0,,0,0,1,1
2025-11-25,1,Tuesday,0,2025,48,1,,0,0,1,1
2025-11-26,2,Wednesday,0,2025,48,0,,0,0,1,1
2025-11-27,3,Thursday,0,2025,48,0,,0,0,1,1
2025-11-28,4,Friday,0,2025,48,0,,0,0,1,1
2025-11-29,5,Saturday,1,2025,48,0,,0,0,1,1
2025-11-30,6,Sunday,1,2025,48,0,,0,0,1,0
2025-12-01,0,Monday,0,2025,49,0,,0,0,0,1
2025-12-02,1,Tuesday,0,2025,49,0,,0,0,0,1
2025-12-03,2,Wednesday,0,2025,49,0,,0,0,0,1
2025-12-04,3,Thursday,0,2025,49,0,,0,0,0,1
2025-12-05,4,Friday,0,2025,49,0,,0,0,0,1
2025-12-06,5,Saturday,1,2025,49,0,,0,0,0,1
2025-12-07,6,Sunday,1,2025,49,0,,0,0,0,0
2025-12-08,0,Monday,0,2025,50,0,,0,0,0,1
2025-12-09,1,Tuesday,0,2025,50,0,,0,0,0,1
2025-12-10,2,Wednesday,0,2025,50,0,,0,0,0,1
2025-12-11,3,Thursday,0,2025,50,0,,0,0,0,1
2025-12-12,4,Friday,0,2025,50,0,,0,0,0,1
2025-12-13,5,Saturday,1,2025,50,0,,0,0,0,1
2025-12-14,6,Sunday,1,2025,50,0,,0,0,0,0
2025-12-15,0,Monday,0,2025,51,0,,0,0,0,1
2025-12-16,1,Tuesday,0,2025,51,0,,0.1,0,0,1
2025-12-17,2,Wednesday,0,2025,51,0,,0.2,0,0,1
2025-12-18,3,Thursday,0,2025,51,0,,0.3,0,0,1
2025-12-19,4,Friday,0,2025,51,0,,0.4,0,0,1
2025-12-20,5,Saturday,1,2025,51,0,,0.5,0,0,1
2025-12-21,6,Sunday,1,2025,51,0,,0.6,0,0,0
2025-12-22,0,Monday,0,2025,52,0,,0.7,0,0,1
2025-12-23,1,Tuesday,0,2025,52,0,,0.8,0,0,1
2025-12-24,2,Wednesday,0,2025,52,0,,0.9,0,0,1
2025-12-25,3,Thursday,0,2025,52,1,Christmas,1,1,0,0
2025-12-26,4,Friday,0,2025,52,0,,0,0,0,1
2025-12-27,5,Saturday,1,2025,52,0,,0,0,0,1
2025-12-28,6,Sunday,1,2025,52,0,,0,0,0,0
2025-12-29,0,Monday,0,2026,1,0,,0,0,0,1
2025-12-30,1,Tuesday,0,2026,1,0,,0,0,0,1
2025-12-31,2,Wednesday,0,2026,1,0,,0,0,0,1
2026-01-01,3,Thursday,0,2026,1,0,,0,0,0,1
2026-01-02,4,Friday,0,2026,1,0,,0,0,0,1
2026-01-03,5,Saturday,1,2026,1,0,,0,0,0,1
2026-01-04,6,Sunday,1,2026,1,0,,0,0,0,0
2026-01-05,0,Monday,0,2026,2,0,,0.1,0,0,1
2026-01-06,1,Tuesday,0,2026,2,0,,0.2,0,0,1
2026-01-07,2,Wednesday,0,2026,2,0,,0.3,0,0,1
2026-01-08,3,Thursday,0,2026,2,0,,0.4,0,0,1
2026-01-09,4,Friday,0,2026,2,0,,0.5,0,0,1
2026-01-10,5,Saturday,1,2026,2,0,,0.6,0,0,1
2026-01-11,6,Sunday,1,2026,2,0,,0.7,0,0,0
2026-01-12,0,Monday,0,2026,3,0,,0.8,0,0,1
2026-01-13,1,Tuesday,0,2026,3,0,,0.9,0,0,1
2026-01-14,2,Wednesday,0,2026,3,0,Thai Pongal,1,1,0,0
2026-01-15,3,Thursday,0,2026,3,0,,0,0,0,1
2026-01-16,4,Friday,0,2026,3,0,,0,0,0,1
2026-01-17,5,Saturday,1,2026,3,0,,0,0,0,1
2026-01-18,6,Sunday,1,2026,3,0,,0,0,0,0
2026-01-19,0,Monday,0,2026,4,0,,0,0,0,1
2026-01-20,1,Tuesday,0,2026,4,0,,0,0,0,1
2026-01-21,2,Wednesday,0,2026,4,0,,0,0,0,1
2026-01-22,3,Thursday,0,2026,4,0,,0,0,0,1
2026-01-23,4,Friday,0,2026,4,0,,0,0,0,1
2026-01-24,5,Saturday,1,2026,4,0,,0,0,0,1
2026-01-25,6,Sunday,1,2026,4,1,,0,0,0,0
2026-01-26,0,Monday,0,2026,5,0,,0,0,0,1
2026-01-27,1,Tuesday,0,2026,5,0,,0,0,0,1
2026-01-28,2,Wednesday,0,2026,5,0,,0,0,0,1
2026-01-29,3,Thursday,0,2026,5,0,,0,0,0,1
2026-01-30,4,Friday,0,2026,5,0,,0,0,0,1
2026-01-31,5,Saturday,1,2026,5,0,,0,0,0,1
2026-02-01,6,Sunday,1,2026,5,0,,0,0,0,0
2026-02-02,0,Monday,0,2026,6,0,,0,0,0,1
2026-02-03,1,Tuesday,0,2026,6,0,,0,0,0,1
2026-02-04,2,Wednesday,0,2026,6,0,,0,1,0,0
2026-02-05,3,Thursday,0,2026,6,0,,0,0,0,1
2026-02-06,4,Friday,0,2026,6,0,,0,0,0,1
2026-02-07,5,Saturday,1,2026,6,0,,0,0,0,1
2026-02-08,6,Sunday,1,2026,6,0,,0,0,0,0
2026-02-09,0,Monday,0,2026,7,0,,0,0,0,1
2026-02-10,1,Tuesday,0,2026,7,0,,0,0,0,1
2026-02-11,2,Wednesday,0,2026,7,0,,0,0,0,1
2026-02-12,3,Thursday,0,2026,7,0,,0,0,0,1
2026-02-13,4,Friday,0,2026,7,0,,0,0,0,1
2026-02-14,5,Saturday,1,2026,7,0,,0,0,0,1
2026-02-15,6,Sunday,1,2026,7,0,,0,0,0,0
2026-02-16,0,Monday,0,2026,8,0,,0,0,0,1
2026-02-17,1,Tuesday,0,2026,8,0,,0,0,0,1
2026-02-18,2,Wednesday,0,2026,8,0,,0,0,0,1
2026-02-19,3,Thursday,0,2026,8,0,,0,0,0,1
2026-02-20,4,Friday,0,2026,8,0,,0,0,0,1
2026-02-21,5,Saturday,1,2026,8,0,,0,0,0,1
2026-02-22,6,Sunday,1,2026,8,0,,0,0,0,0
2026-02-23,0,Monday,0,2026,9,0,,0,0,0,1
2026-02-24,1,Tuesday,0,2026,9,0,,0,0,0,1
2026-02-25,2,Wednesday,0,2026,9,1,,0,0,0,1
2026-02-26,3,Thursday,0,2026,9,0,,0,0,0,1
2026-02-27,4,Friday,0,2026,9,0,,0,0,0,1
2026-02-28,5,Saturday,1,2026,9,0,,0,0,0,1
2026-03-01,6,Sunday,1,2026,9,0,,0,0,0,0
2026-03-02,0,Monday,0,2026,10,0,,0,0,0,1
2026-03-03,1,Tuesday,0,2026,10,0,,0,0,0,1
2026-03-04,2,Wednesday,0,2026,10,0,,0,0,0,1
2026-03-05,3,Thursday,0,2026,10,0,,0,0,0,1
2026-03-06,4,Friday,0,2026,10,0,,0,0,0,1
2026-03-07,5,Saturday,1,2026,10,0,,0,0,0,1
2026-03-08,6,Sunday,1,2026,10,0,,0,0,0,0
2026-03-09,0,Monday,0,2026,11,0,,0,0,0,1
2026-03-10,1,Tuesday,0,2026,11,0,,0,0,0,1
2026-03-11,2,Wednesday,0,2026,11,0,,0,0,0,1
2026-03-12,3,Thursday,0,2026,11,0,,0,0,0,1
2026-03-13,4,Friday,0,2026,11,0,,0,0,0,1
2026-03-14,5,Saturday,1,2026,11,0,,0,0,0,1
2026-03-15,6,Sunday,1,2026,11,0,,0,0,0,0
2026-03-16,0,Monday,0,2026,12,0,,0,0,0,1
2026-03-17,1,Tuesday,0,2026,12,0,,0,0,0,1
2026-03-18,2,Wednesday,0,2026,12,0,,0,0,0,1
2026-03-19,3,Thursday,0,2026,12,0,,0,0,0,1
2026-03-20,4,Friday,0,2026,12,0,,0,0,0,1
2026-03-21,5,Saturday,1,2026,12,0,,0,0,0,1
2026-03-22,6,Sunday,1,2026,12,0,,0,0,0,0
2026-03-23,0,Monday,0,2026,13,0,,0,0,0,1
2026-03-24,1,Tuesday,0,2026,13,0,,0,0,0,1
2026-03-25,2,Wednesday,0,2026,13,1,,0,0,0,1
2026-03-26,3,Thursday,0,2026,13,0,,0,0,0,1
2026-03-27,4,Friday,0,2026,13,0,,0,0,0,1
2026-03-28,5,Saturday,1,2026,13,0,,0,0,0,1
2026-03-29,6,Sunday,1,2026,13,0,,0,0,0,0
2026-03-30,0,Monday,0,2026,14,0,,0,0,0,1
2026-03-31,1,Tuesday,0,2026,14,0,,0,0,0,1
2026-04-01,2,Wednesday,0,2026,14,0,,0,0,0,1
2026-04-02,3,Thursday,0,2026,14,0,,0,0,0,1
2026-04-03,4,Friday,0,2026,14,0,,0,0,0,1
2026-04-04,5,Saturday,1,2026,14,0,,0.1,0,0,1
2026-04-05,6,Sunday,1,2026,14,0,,0.2,0,0,0
2026-04-06,0,Monday,0,2026,15,0,,0.3,0,0,1
2026-04-07,1,Tuesday,0,2026,15,0,,0.4,0,0,1
2026-04-08,2,Wednesday,0,2026,15,0,,0.5,0,0,1
2026-04-09,3,Thursday,0,2026,15,0,,0.6,0,0,1
2026-04-10,4,Friday,0,2026,15,0,,0.7,0,0,1
2026-04-11,5,Saturday,1,2026,15,0,,0.8,0,0,1
2026-04-12,6,Sunday,1,2026,15,0,,0.9,0,0,0
2026-04-13,0,Monday,0,2026,16,0,Sinhala and Tamil New Year Eve,1,1,0,0
2026-04-14,1,Tuesday,0,2026,16,0,Sinhala and Tamil New Year,1,1,0,0
2026-04-15,2,Wednesday,0,2026,16,0,,0,0,0,1
2026-04-16,3,Thursday,0,2026,16,0,,0,0,0,1
2026-04-17,4,Friday,0,2026,16,0,,0,0,0,1
2026-04-18,5,Saturday,1,2026,16,0,,0,0,0,1
2026-04-19,6,Sunday,1,2026,16,0,,0,0,0,0
2026-04-20,0,Monday,0,2026,17,0,,0,0,0,1
2026-04-21,1,Tuesday,0,2026,17,0,,0,0,0,1
2026-04-22,2,Wednesday,0,2026,17,0,,0.1,0,0,1
2026-04-23,3,Thursday,0,2026,17,0,,0.2,0,0,1
2026-04-24,4,Friday,0,2026,17,0,,0.3,0,0,1
2026-04-25,5,Saturday,1,2026,17,1,,0.4,0,0,1
2026-04-26,6,Sunday,1,2026,17,0,,0.5,0,0,0
2026-04-27,0,Monday,0,2026,18,0,,0.6,0,0,1
2026-04-28,1,Tuesday,0,2026,18,0,,0.7,0,0,1
2026-04-29,2,Wednesday,0,2026,18,0,,0.8,0,0,1
2026-04-30,3,Thursday,0,2026,18,0,,0.9,0,0,1
2026-05-01,4,Friday,0,2026,18,0,Vesak,1,1,1,0
2026-05-02,5,Saturday,1,2026,18,0,,0,0,1,1
2026-05-03,6,Sunday,1,2026,18,0,,0,0,1,0
2026-05-04,0,Monday,0,2026,19,0,,0,0,1,1
2026-05-05,1,Tuesday,0,2026,19,0,,0,0,1,1
2026-05-06,2,Wednesday,0,2026,19,0,,0,0,1,1
2026-05-07,3,Thursday,0,2026,19,0,,0,0,1,1
2026-05-08,4,Friday,0,2026,19,0,,0,0,1,1
2026-05-09,5,Saturday,1,2026,19,0,,0,0,1,1
2026-05-10,6,Sunday,1,2026,19,0,,0,0,1,0
2026-05-11,0,Monday,0,2026,20,0,,0,0,1,1
2026-05-12,1,Tuesday,0,2026,20,0,,0,0,1,1
2026-05-13,2,Wednesday,0,2026,20,0,,0,0,1,1
2026-05-14,3,Thursday,0,2026,20,0,,0,0,1,1
2026-05-15,4,Friday,0,2026,20,0,,0,0,1,1
2026-05-16,5,Saturday,1,2026,20,0,,0,0,1,1
2026-05-17,6,Sunday,1,2026,20,0,,0,0,1,0
2026-05-18,0,Monday,0,2026,21,0,,0,0,1,1
2026-05-19,1,Tuesday,0,2026,21,0,,0,0,1,1
2026-05-20,2,Wednesday,0,2026,21,0,,0,0,1,1
2026-05-21,3,Thursday,0,2026,21,0,,0,0,1,1
2026-05-22,4,Friday,0,2026,21,0,,0,0,1,1
2026-05-23,5,Saturday,1,2026,21,0,,0,0,1,1
2026-05-24,6,Sunday,1,2026,21,0,,0,0,1,0
2026-05-25,0,Monday,0,2026,22,1,,0,0,1,1
2026-05-26,1,Tuesday,0,2026,22,0,,0,0,1,1
2026-05-27,2,Wednesday,0,2026,22,0,,0,0,1,1
2026-05-28,3,Thursday,0,2026,22,0,,0,0,1,1
2026-05-29,4,Friday,0,2026,22,0,,0,0,1,1
2026-05-30,5,Saturday,1,2026,22,0,,0,0,1,1
2026-05-31,6,Sunday,1,2026,22,0,,0,0,1,0
2026-06-01,0,Monday,0,2026,23,0,,0,0,1,1
2026-06-02,1,Tuesday,0,2026,23,0,,0,0,1,1
2026-06-03,2,Wednesday,0,2026,23,0,,0,0,1,1
2026-06-04,3,Thursday,0,2026,23,0,,0,0,1,1
2026-06-05,4,Friday,0,2026,23,0,,0,0,1,1
2026-06-06,5,Saturday,1,2026,23,0,,0,0,1,1
2026-06-07,6,Sunday,1,2026,23,0,,0,0,1,0
2026-06-08,0,Monday,0,2026,24,0,,0,0,1,1
2026-06-09,1,Tuesday,0,2026,24,0,,0,0,1,1
2026-06-10,2,Wednesday,0,2026,24,0,,0,0,1,1
2026-06-11,3,Thursday,0,2026,24,0,,0,0,1,1
2026-06-12,4,Friday,0,2026,24,0,,0,0,1,1
2026-06-13,5,Saturday,1,2026,24,0,,0,0,1,1
2026-06-14,6,Sunday,1,2026,24,0,,0,0,1,0
2026-06-15,0,Monday,0,2026,25,0,,0,0,1,1
2026-06-16,1,Tuesday,0,2026,25,0,,0,0,1,1
2026-06-17,2,Wednesday,0,2026,25,0,,0,0,1,1
2026-06-18,3,Thursday,0,2026,25,0,,0,0,1,1
2026-06-19,4,Friday,0,2026,25,0,,0,0,1,1
2026-06-20,5,Saturday,1,2026,25,0,,0.1,0,1,1
2026-06-21,6,Sunday,1,2026,25,0,,0.2,0,1,0
2026-06-22,0,Monday,0,2026,26,0,,0.3,0,1,1
2026-06-23,1,Tuesday,0,2026,26,0,,0.4,0,1,1
2026-06-24,2,Wednesday,0,2026,26,0,,0.5,0,1,1
2026-06-25,3,Thursday,0,2026,26,1,,0.6,0,1,1
2026-06-26,4,Friday,0,2026,26,0,,0.7,0,1,1
2026-06-27,5,Saturday,1,2026,26,0,,0.8,0,1,1
2026-06-28,6,Sunday,1,2026,26,0,,0.9,0,1,0
2026-06-29,0,Monday,0,2026,27,0,Poson,1,1,1,0
2026-06-30,1,Tuesday,0,2026,27,0,,0,0,1,1
2026-07-01,2,Wednesday,0,2026,27,0,,0,0,1,1
2026-07-02,3,Thursday,0,2026,27,0,,0,0,1,1
2026-07-03,4,Friday,0,2026,27,0,,0,0,1,1
2026-07-04,5,Saturday,1,2026,27,0,,0,0,1,1
2026-07-05,6,Sunday,1,2026,27,0,,0,0,1,0
2026-07-06,0,Monday,0,2026,28,0,,0,0,1,1
2026-07-07,1,Tuesday,0,2026,28,0,,0,0,1,1
2026-07-08,2,Wednesday,0,2026,28,0,,0,0,1,1
2026-07-09,3,Thursday,0,2026,28,0,,0,0,1,1
2026-07-10,4,Friday,0,2026,28,0,,0,0,1,1
2026-07-11,5,Saturday,1,2026,28,0,,0,0,1,1
2026-07-12,6,Sunday,1,2026,28,0,,0,0,1,0
2026-07-13,0,Monday,0,2026,29,0,,0,0,1,1
2026-07-14,1,Tuesday,0,2026,29,0,,0,0,1,1
2026-07-15,2,Wednesday,0,2026,29,0,,0,0,1,1
2026-07-16,3,Thursday,0,2026,29,0,,0,0,1,1
2026-07-17,4,Friday,0,2026,29,0,,0,0,1,1
2026-07-18,5,Saturday,1,2026,29,0,,0,0,1,1
2026-07-19,6,Sunday,1,2026,29,0,,0,0,1,0
2026-07-20,0,Monday,0,2026,30,0,,0,0,1,1
2026-07-21,1,Tuesday,0,2026,30,0,,0,0,1,1
2026-07-22,2,Wednesday,0,2026,30,0,,0,0,1,1
2026-07-23,3,Thursday,0,2026,30,0,,0,0,1,1
2026-07-24,4,Friday,0,2026,30,0,,0,0,1,1
2026-07-25,5,Saturday,1,2026,30,1,,0,0,1,1
2026-07-26,6,Sunday,1,2026,30,0,,0,0,1,0
2026-07-27,0,Monday,0,2026,31,0,,0,0,1,1
2026-07-28,1,Tuesday,0,2026,31,0,,0,0,1,1
2026-07-29,2,Wednesday,0,2026,31,0,,0,0,1,1
2026-07-30,3,Thursday,0,2026,31,0,,0,0,1,1
2026-07-31,4,Friday,0,2026,31,0,,0,0,1,1
2026-08-01,5,Saturday,1,2026,31,0,,0,0,1,1
2026-08-02,6,Sunday,1,2026,31,0,,0,0,1,0
2026-08-03,0,Monday,0,2026,32,0,,0,0,1,1
2026-08-04,1,Tuesday,0,2026,32,0,,0,0,1,1
2026-08-05,2,Wednesday,0,2026,32,0,,0,0,1,1
2026-08-06,3,Thursday,0,2026,32,0,,0,0,1,1
2026-08-07,4,Friday,0,2026,32,0,,0,0,1,1
2026-08-08,5,Saturday,1,2026,32,0,,0,0,1,1
2026-08-09,6,Sunday,1,2026,32,0,,0,0,1,0
2026-08-10,0,Monday,0,2026,33,0,,0,0,1,1
2026-08-11,1,Tuesday,0,2026,33,0,,0,0,1,1
2026-08-12,2,Wednesday,0,2026,33,0,,0,0,1,1
2026-08-13,3,Thursday,0,2026,33,0,,0,0,1,1
2026-08-14,4,Friday,0,2026,33,0,,0,0,1,1
2026-08-15,5,Saturday,1,2026,33,0,,0,0,1,1
2026-08-16,6,Sunday,1,2026,33,0,,0,0,1,0
2026-08-17,0,Monday,0,2026,34,0,,0,0,1,1
2026-08-18,1,Tuesday,0,2026,34,0,,0,0,1,1
2026-08-19,2,Wednesday,0,2026,34,0,,0,0,1,1
2026-08-20,3,Thursday,0,2026,34,0,,0,0,1,1
2026-08-21,4,Friday,0,2026,34,0,,0,0,1,1
2026-08-22,5,Saturday,1,2026,34,0,,0,0,1,1
2026-08-23,6,Sunday,1,2026,34,0,,0,0,1,0
2026-08-24,0,Monday,0,2026,35,0,,0,0,1,1
2026-08-25,1,Tuesday,0,2026,35,1,,0,0,1,1
2026-08-26,2,Wednesday,0,2026,35,0,,0,0,1,1
2026-08-27,3,Thursday,0,2026,35,0,,0,0,1,1
2026-08-28,4,Friday,0,2026,35,0,,0,0,1,1
2026-08-29,5,Saturday,1,2026,35,0,,0,0,1,1
2026-08-30,6,Sunday,1,2026,35,0,,0,0,1,0
2026-08-31,0,Monday,0,2026,36,0,,0,0,1,1
2026-09-01,1,Tuesday,0,2026,36,0,,0,0,1,1
2026-09-02,2,Wednesday,0,2026,36,0,,0,0,1,1
2026-09-03,3,Thursday,0,2026,36,0,,0,0,1,1
2026-09-04,4,Friday,0,2026,36,0,,0,0,1,1
2026-09-05,5,Saturday,1,2026,36,0,,0,0,1,1
2026-09-06,6,Sunday,1,2026,36,0,,0,0,1,0
2026-09-07,0,Monday,0,2026,37,0,,0,0,1,1
2026-09-08,1,Tuesday,0,2026,37,0,,0,0,1,1
2026-09-09,2,Wednesday,0,2026,37,0,,0,0,1,1
2026-09-10,3,Thursday,0,2026,37,0,,0,0,1,1
2026-09-11,4,Friday,0,2026,37,0,,0,0,1,1
2026-09-12,5,Saturday,1,2026,37,0,,0,0,1,1
2026-09-13,6,Sunday,1,2026,37,0,,0,0,1,0
2026-09-14,0,Monday,0,2026,38,0,,0,0,1,1
2026-09-15,1,Tuesday,0,2026,38,0,,0,0,1,1
2026-09-16,2,Wednesday,0,2026,38,0,,0,0,1,1
2026-09-17,3,Thursday,0,2026,38,0,,0,0,1,1
2026-09-18,4,Friday,0,2026,38,0,,0,0,1,1
2026-09-19,5,Saturday,1,2026,38,0,,0,0,1,1
2026-09-20,6,Sunday,1,2026,38,0,,0,0,1,0
2026-09-21,0,Monday,0,2026,39,0,,0,0,1,1
2026-09-22,1,Tuesday,0,2026,39,0,,0,0,1,1
2026-09-23,2,Wednesday,0,2026,39,0,,0,0,1,1
2026-09-24,3,Thursday,0,2026,39,0,,0,0,1,1
2026-09-25,4,Friday,0,2026,39,1,,0,0,1,1
2026-09-26,5,Saturday,1,2026,39,0,,0,0,1,1
2026-09-27,6,Sunday,1,2026,39,0,,0,0,1,0
2026-09-28,0,Monday,0,2026,40,0,,0,0,1,1
2026-09-29,1,Tuesday,0,2026,40,0,,0,0,1,1
2026-09-30,2,Wednesday,0,2026,40,0,,0,0,1,1
2026-10-01,3,Thursday,0,2026,40,0,,0,0,1,1
2026-10-02,4,Friday,0,2026,40,0,,0,0,1,1
2026-10-03,5,Saturday,1,2026,40,0,,0,0,1,1
2026-10-04,6,Sunday,1,2026,40,0,,0,0,1,0
2026-10-05,0,Monday,0,2026,41,0,,0,0,1,1
2026-10-06,1,Tuesday,0,2026,41,0,,0,0,1,1
2026-10-07,2,Wednesday,0,2026,41,0,,0,0,1,1
2026-10-08,3,Thursday,0,2026,41,0,,0,0,1,1
2026-10-09,4,Friday,0,2026,41,0,,0,0,1,1
2026-10-10,5,Saturday,1,2026,41,0,,0,0,1,1
2026-10-11,6,Sunday,1,2026,41,0,,0,0,1,0
2026-10-12,0,Monday,0,2026,42,0,,0,0,1,1
2026-10-13,1,Tuesday,0,2026,42,0,,0,0,1,1
2026-10-14,2,Wednesday,0,2026,42,0,,0,0,1,1
2026-10-15,3,Thursday,0,2026,42,0,,0,0,1,1
2026-10-16,4,Friday,0,2026,42,0,,0,0,1,1
2026-10-17,5,Saturday,1,2026,42,0,,0,0,1,1
2026-10-18,6,Sunday,1,2026,42,0,,0,0,1,0
2026-10-19,0,Monday,0,2026,43,0,,0,0,1,1
2026-10-20,1,Tuesday,0,2026,43,0,,0,0,1,1
2026-10-21,2,Wednesday,0,2026,43,0,,0,0,1,1
2026-10-22,3,Thursday,0,2026,43,0,,0,0,1,1
2026-10-23,4,Friday,0,2026,43,0,,0,0,1,1
2026-10-24,5,Saturday,1,2026,43,0,,0,0,1,1
2026-10-25,6,Sunday,1,2026,43,1,,0,1,1,0
2026-10-26,0,Monday,0,2026,44,0,,0,0,1,1
2026-10-27,1,Tuesday,0,2026,44,0,,0,0,1,1
2026-10-28,2,Wednesday,0,2026,44,0,,0,0,1,1
2026-10-29,3,Thursday,0,2026,44,0,,0,0,1,1
2026-10-30,4,Friday,0,2026,44,0,,0.1,0,1,1
2026-10-31,5,Saturday,1,2026,44,0,,0.2,0,1,1
2026-11-01,6,Sunday,1,2026,44,0,,0.3,0,1,0
2026-11-02,0,Monday,0,2026,45,0,,0.4,0,1,1
2026-11-03,1,Tuesday,0,2026,45,0,,0.5,0,1,1
2026-11-04,2,Wednesday,0,2026,45,0,,0.6,0,1,1
2026-11-05,3,Thursday,0,2026,45,0,,0.7,0,1,1
2026-11-06,4,Friday,0,2026,45,0,,0.8,0,1,1
2026-11-07,5,Saturday,1,2026,45,0,,0.9,0,1,1
2026-11-08,6,Sunday,1,2026,45,0,Deepavali,1,1,1,0
2026-11-09,0,Monday,0,2026,46,0,,0,0,1,1
2026-11-10,1,Tuesday,0,2026,46,0,,0,0,1,1
2026-11-11,2,Wednesday,0,2026,46,0,,0,0,1,1
2026-11-12,3,Thursday,0,2026,46,0,,0,0,1,1
2026-11-13,4,Friday,0,2026,46,0,,0,0,1,1
2026-11-14,5,Saturday,1,2026,46,0,,0,0,1,1
2026-11-15,6,Sunday,1,2026,46,0,,0,0,1,0
2026-11-16,0,Monday,0,2026,47,0,,0,0,1,1
2026-11-17,1,Tuesday,0,2026,47,0,,0,0,1,1
2026-11-18,2,Wednesday,0,2026,47,0,,0,0,1,1
2026-11-19,3,Thursday,0,2026,47,0,,0,0,1,1
2026-11-20,4,Friday,0,2026,47,0,,0,0,1,1
2026-11-21,5,Saturday,1,2026,47,0,,0,0,1,1
2026-11-22,6,Sunday,1,2026,47,0,,0,0,1,0
2026-11-23,0,Monday,0,2026,48,0,,0,0,1,1
2026-11-24,1,Tuesday,0,2026,48,0,,0,0,1,1
2026-11-25,2,Wednesday,0,2026,48,1,,0,0,1,1
2026-11-26,3,Thursday,0,2026,48,0,,0,0,1,1
2026-11-27,4,Friday,0,2026,48,0,,0,0,1,1
2026-11-28,5,Saturday,1,2026,48,0,,0,0,1,1
2026-11-29,6,Sunday,1,2026,48,0,,0,0,1,0
2026-11-30,0,Monday,0,2026,49,0,,0,0,1,1
2026-12-01,1,Tuesday,0,2026,49,0,,0,0,0,1
2026-12-02,2,Wednesday,0,2026,49,0,,0,0,0,1
2026-12-03,3,Thursday,0,2026,49,0,,0,0,0,1
2026-12-04,4,Friday,0,2026,49,0,,0,0,0,1
2026-12-05,5,Saturday,1,2026,49,0,,0,0,0,1
2026-12-06,6,Sunday,1,2026,49,0,,0,0,0,0
2026-12-07,0,Monday,0,2026,50,0,,0,0,0,1
2026-12-08,1,Tuesday,0,2026,50,0,,0,0,0,1
2026-12-09,2,Wednesday,0,2026,50,0,,0,0,0,1
2026-12-10,3,Thursday,0,2026,50,0,,0,0,0,1
2026-12-11,4,Friday,0,2026,50,0,,0,0,0,1
2026-12-12,5,Saturday,1,2026,50,0,,0,0,0,1
2026-12-13,6,Sunday,1,2026,50,0,,0,0,0,0
2026-12-14,0,Monday,0,2026,51,0,,0,0,0,1
2026-12-15,1,Tuesday,0,2026,51,0,,0,0,0,1
2026-12-16,2,Wednesday,0,2026,51,0,,0.1,0,0,1
2026-12-17,3,Thursday,0,2026,51,0,,0.2,0,0,1
2026-12-18,4,Friday,0,2026,51,0,,0.3,0,0,1
2026-12-19,5,Saturday,1,2026,51,0,,0.4,0,0,1
2026-12-20,6,Sunday,1,2026,51,0,,0.5,0,0,0
2026-12-21,0,Monday,0,2026,52,0,,0.6,0,0,1
2026-12-22,1,Tuesday,0,2026,52,0,,0.7,0,0,1
2026-12-23,2,Wednesday,0,2026,52,0,,0.8,0,0,1
2026-12-24,3,Thursday,0,2026,52,0,,0.9,0,0,1
2026-12-25,4,Friday,0,2026,52,1,Christmas,1,1,0,0
2026-12-26,5,Saturday,1,2026,52,0,,0,0,0,1
2026-12-27,6,Sunday,1,2026,52,0,,0,0,0,0
2026-12-28,0,Monday,0,2026,53,0,,0,0,0,1
2026-12-29,1,Tuesday,0,2026,53,0,,0,0,0,1
2026-12-30,2,Wednesday,0,2026,53,0,,0,0,0,1
2026-12-31,3,Thursday,0,2026,53,0,,0,0,0,1
