outlet_id,brand,district,depot,dock_type,parking_constraint,mall_window,window_open_time,window_close_time
OUT001,Fresh,Colombo,Peliyagoda,street,normal,,05:30,07:30
OUT002,Fresh,Colombo,Peliyagoda,rear_dock,normal,,04:30,08:00
OUT003,Fresh,Colombo,Peliyagoda,street,van_only,,05:00,08:00
OUT004,Fresh,Colombo,Peliyagoda,rear_dock,normal,,05:30,07:30
OUT005,Fresh,Colombo,Peliyagoda,mall_bay,mall_dock,05:00-07:30,05:00,07:30
OUT006,Fresh,Colombo,Peliyagoda,street,van_only,,05:00,07:00
OUT007,Fresh,Colombo,Peliyagoda,rear_dock,normal,,05:30,07:30
OUT008,Fresh,Colombo,Peliyagoda,mall_bay,mall_dock,05:00-07:30,05:00,07:30
OUT009,Fresh,Colombo,Peliyagoda,rear_dock,normal,,04:30,08:00
OUT010,Fresh,Colombo,Peliyagoda,street,normal,,05:30,07:30
OUT011,Fresh,Colombo,Peliyagoda,rear_dock,normal,,05:00,08:00
OUT012,Fresh,Colombo,Peliyagoda,mall_bay,mall_dock,05:00-07:30,05:00,07:30
OUT013,Fresh,Colombo,Peliyagoda,rear_dock,normal,,05:00,07:45
OUT014,Fresh,Colombo,Peliyagoda,street,normal,,05:00,08:00
OUT015,Fresh,Colombo,Peliyagoda,rear_dock,normal,,05:00,07:45
OUT016,Fresh,Colombo,Peliyagoda,rear_dock,normal,,05:00,07:00
OUT017,Fresh,Colombo,Peliyagoda,street,normal,,04:30,08:00
OUT018,Fresh,Colombo,Peliyagoda,rear_dock,normal,,05:30,08:00
OUT019,Fresh,Gampaha,Peliyagoda,mall_bay,mall_dock,05:00-07:30,05:00,07:30
OUT020,Fresh,Gampaha,Peliyagoda,mall_bay,mall_dock,05:00-07:30,05:00,07:30
OUT021,Fresh,Gampaha,Peliyagoda,mall_bay,mall_dock,05:00-07:30,05:00,07:30
OUT022,Fresh,Gampaha,Peliyagoda,rear_dock,normal,,05:00,08:00
OUT023,Fresh,Gampaha,Peliyagoda,rear_dock,normal,,05:00,07:45
OUT024,Fresh,Gampaha,Peliyagoda,rear_dock,normal,,05:30,08:00
OUT025,Fresh,Gampaha,Peliyagoda,street,normal,,05:00,08:00
OUT026,Fresh,Gampaha,Peliyagoda,mall_bay,mall_dock,05:00-07:30,05:00,07:30
OUT027,Fresh,Gampaha,Peliyagoda,rear_dock,normal,,05:00,08:00
OUT028,Fresh,Gampaha,Peliyagoda,rear_dock,normal,,05:00,07:45
OUT029,Fresh,Gampaha,Peliyagoda,rear_dock,normal,,05:30,08:00
OUT030,Fresh,Gampaha,Peliyagoda,rear_dock,normal,,05:00,07:30
OUT031,Fresh,Gampaha,Peliyagoda,rear_dock,normal,,04:30,08:00
OUT032,Fresh,Gampaha,Peliyagoda,rear_dock,normal,,05:00,07:45
OUT033,Fresh,Kalutara,Peliyagoda,rear_dock,normal,,05:00,07:30
OUT034,Fresh,Kalutara,Peliyagoda,rear_dock,normal,,04:30,07:00
OUT035,Fresh,Kalutara,Peliyagoda,rear_dock,normal,,05:30,07:00
OUT036,Fresh,Kalutara,Peliyagoda,street,normal,,05:00,08:00
OUT037,Fresh,Kalutara,Peliyagoda,rear_dock,normal,,04:30,07:00
OUT038,Fresh,Kalutara,Peliyagoda,rear_dock,normal,,05:00,07:00
OUT039,Fresh,Kalutara,Peliyagoda,rear_dock,normal,,05:00,07:00
OUT040,Fresh,Kalutara,Peliyagoda,rear_dock,normal,,05:30,07:00
OUT041,Fresh,Galle,Peliyagoda,rear_dock,normal,,05:00,07:30
OUT042,Fresh,Galle,Peliyagoda,street,normal,,04:30,08:00
OUT043,Fresh,Galle,Peliyagoda,rear_dock,normal,,05:00,08:00
OUT044,Fresh,Galle,Peliyagoda,rear_dock,normal,,05:00,07:30
OUT045,Fresh,Galle,Peliyagoda,street,normal,,05:30,07:00
OUT046,Fresh,Galle,Peliyagoda,street,normal,,05:00,08:00
OUT047,Fresh,Matara,Peliyagoda,street,normal,,05:00,07:30
OUT048,Fresh,Matara,Peliyagoda,rear_dock,normal,,05:00,07:30
OUT049,Fresh,Matara,Peliyagoda,rear_dock,normal,,04:30,07:00
OUT050,Fresh,Matara,Peliyagoda,rear_dock,normal,,05:30,07:30
OUT051,Fresh,Kurunegala,Peliyagoda,mall_bay,mall_dock,05:00-07:30,05:00,07:30
OUT052,Fresh,Kurunegala,Peliyagoda,street,van_only,,05:00,07:45
OUT053,Fresh,Kurunegala,Peliyagoda,rear_dock,normal,,05:30,08:00
OUT054,Fresh,Kurunegala,Peliyagoda,street,normal,,05:00,07:30
OUT055,Fresh,Kurunegala,Peliyagoda,street,van_only,,05:30,07:45
OUT056,Fresh,Kurunegala,Peliyagoda,rear_dock,normal,,05:00,07:30
OUT057,Fresh,Puttalam,Peliyagoda,street,normal,,05:30,07:30
OUT058,Fresh,Puttalam,Peliyagoda,street,normal,,05:30,07:45
OUT059,Fresh,Puttalam,Peliyagoda,rear_dock,normal,,04:30,08:00
OUT060,Fresh,Ratnapura,Peliyagoda,rear_dock,normal,,05:00,08:00
OUT061,Fresh,Ratnapura,Peliyagoda,rear_dock,normal,,05:00,08:00
OUT062,Fresh,Ratnapura,Peliyagoda,rear_dock,normal,,05:30,07:00
OUT063,Fresh,Ratnapura,Peliyagoda,rear_dock,normal,,05:30,07:30
OUT064,Fresh,Kandy,Kandy,rear_dock,normal,,05:30,07:00
OUT065,Fresh,Kandy,Kandy,mall_bay,mall_dock,05:00-07:30,05:00,07:30
OUT066,Fresh,Kandy,Kandy,rear_dock,normal,,04:30,08:00
OUT067,Fresh,Kandy,Kandy,rear_dock,normal,,05:30,07:30
OUT068,Fresh,Kandy,Kandy,mall_bay,mall_dock,05:00-07:30,05:00,07:30
OUT069,Fresh,Kandy,Kandy,street,normal,,05:00,08:00
OUT070,Fresh,Kandy,Kandy,rear_dock,normal,,05:30,08:00
OUT071,Fresh,Kandy,Kandy,street,normal,,05:30,07:30
OUT072,Fresh,Matale,Kandy,rear_dock,normal,,05:00,08:00
OUT073,Fresh,Matale,Kandy,street,normal,,04:30,07:45
OUT074,Fresh,Matale,Kandy,rear_dock,normal,,05:30,07:45
OUT075,Fresh,Nuwara Eliya,Kandy,street,van_only,,04:30,08:00
OUT076,Fresh,Nuwara Eliya,Kandy,rear_dock,normal,,05:00,08:00
OUT077,Fresh,Nuwara Eliya,Kandy,rear_dock,normal,,05:00,07:45
OUT078,Fresh,Kegalle,Kandy,rear_dock,normal,,05:00,07:30
OUT079,Fresh,Kegalle,Kandy,rear_dock,normal,,05:30,08:00
OUT080,Fresh,Kegalle,Kandy,rear_dock,normal,,05:00,08:00
OUT081,Style,Colombo,Peliyagoda,mall_bay,mall_dock,08:30-10:30,08:30,10:30
OUT082,Style,Colombo,Peliyagoda,street,van_only,,09:00,16:00
OUT083,Style,Colombo,Peliyagoda,mall_bay,mall_dock,07:00-09:30,07:00,09:30
OUT084,Style,Colombo,Peliyagoda,rear_dock,normal,,09:00,16:00
OUT085,Style,Colombo,Peliyagoda,mall_bay,mall_dock,08:30-10:30,08:30,10:30
OUT086,Style,Colombo,Peliyagoda,rear_dock,normal,,09:00,16:00
OUT087,Style,Colombo,Peliyagoda,mall_bay,mall_dock,07:00-09:30,07:00,09:30
OUT088,Style,Colombo,Peliyagoda,street,normal,,09:00,16:00
OUT089,Style,Gampaha,Peliyagoda,mall_bay,mall_dock,09:00-11:00,09:00,11:00
OUT090,Style,Gampaha,Peliyagoda,rear_dock,normal,,09:00,16:00
OUT091,Style,Gampaha,Peliyagoda,mall_bay,mall_dock,08:00-10:00,08:00,10:00
OUT092,Style,Gampaha,Peliyagoda,rear_dock,normal,,09:00,16:00
OUT093,Style,Kalutara,Peliyagoda,mall_bay,mall_dock,07:00-09:30,07:00,09:30
OUT094,Style,Kalutara,Peliyagoda,rear_dock,normal,,09:00,16:00
OUT095,Style,Galle,Peliyagoda,mall_bay,mall_dock,07:00-09:30,07:00,09:30
OUT096,Style,Galle,Peliyagoda,rear_dock,normal,,09:00,16:00
OUT097,Style,Kurunegala,Peliyagoda,mall_bay,mall_dock,09:00-11:00,09:00,11:00
OUT098,Style,Kurunegala,Peliyagoda,street,normal,,09:00,16:00
OUT099,Style,Matara,Peliyagoda,mall_bay,mall_dock,07:00-09:30,07:00,09:30
OUT100,Style,Kandy,Kandy,mall_bay,mall_dock,07:00-09:30,07:00,09:30
OUT101,Style,Kandy,Kandy,rear_dock,normal,,09:00,16:00
OUT102,Style,Kandy,Kandy,mall_bay,mall_dock,07:00-09:30,07:00,09:30
OUT103,Style,Kandy,Kandy,rear_dock,normal,,09:00,16:00
OUT104,Style,Nuwara Eliya,Kandy,mall_bay,mall_dock,08:30-10:30,08:30,10:30
OUT105,Style,Kegalle,Kandy,mall_bay,mall_dock,08:30-10:30,08:30,10:30
OUT106,Tech,Colombo,Peliyagoda,street,van_only,,10:00,17:00
OUT107,Tech,Colombo,Peliyagoda,rear_dock,normal,,10:00,17:00
OUT108,Tech,Colombo,Peliyagoda,rear_dock,normal,,10:00,17:00
OUT109,Tech,Colombo,Peliyagoda,street,normal,,10:00,17:00
OUT110,Tech,Colombo,Peliyagoda,rear_dock,normal,,10:00,17:00
OUT111,Tech,Gampaha,Peliyagoda,mall_bay,mall_dock,08:00-10:00,08:00,10:00
OUT112,Tech,Gampaha,Peliyagoda,street,normal,,10:00,17:00
OUT113,Tech,Gampaha,Peliyagoda,rear_dock,normal,,10:00,17:00
OUT114,Tech,Kalutara,Peliyagoda,mall_bay,mall_dock,07:00-09:30,07:00,09:30
OUT115,Tech,Galle,Peliyagoda,mall_bay,mall_dock,08:00-10:00,08:00,10:00
OUT116,Tech,Kurunegala,Peliyagoda,rear_dock,normal,,10:00,17:00
OUT117,Tech,Ratnapura,Peliyagoda,rear_dock,normal,,10:00,17:00
OUT118,Tech,Kandy,Kandy,mall_bay,mall_dock,09:00-11:00,09:00,11:00
OUT119,Tech,Kandy,Kandy,mall_bay,mall_dock,07:00-09:30,07:00,09:30
OUT120,Tech,Kandy,Kandy,mall_bay,mall_dock,07:00-09:30,07:00,09:30
