vehicle_id,type,temp,weight_cap_kg,volume_cap_m3,fuel_type,km_per_l,weekly_fuel_quota_l,depot
VEH001,truck,reefer,6000,28,diesel,4.8,300,Peliyagoda
VEH002,truck,reefer,6000,28,diesel,4.8,300,Peliyagoda
VEH003,truck,reefer,6000,28,diesel,4.8,300,Peliyagoda
VEH004,truck,reefer,6000,28,diesel,4.8,300,Peliyagoda
VEH005,truck,reefer,6000,28,diesel,4.8,300,Peliyagoda
VEH006,truck,reefer,6000,28,diesel,4.8,300,Peliyagoda
VEH007,truck,reefer,6000,28,diesel,4.8,300,Peliyagoda
VEH008,truck,reefer,6000,28,diesel,4.8,300,Peliyagoda
VEH009,truck,reefer,6000,28,diesel,4.8,300,Peliyagoda
VEH010,truck,reefer,6000,28,diesel,4.8,300,Kandy
VEH011,truck,reefer,6000,28,diesel,4.8,300,Kandy
VEH012,truck,reefer,6000,28,diesel,4.8,300,Kandy
VEH013,truck,ambient,5000,32,diesel,5.5,260,Peliyagoda
VEH014,truck,ambient,7000,40,diesel,5.5,260,Peliyagoda
VEH015,truck,ambient,5000,32,diesel,5.5,260,Peliyagoda
VEH016,truck,ambient,7000,40,diesel,5.5,260,Peliyagoda
VEH017,truck,ambient,5000,32,diesel,5.5,260,Peliyagoda
VEH018,truck,ambient,7000,40,diesel,5.5,260,Peliyagoda
VEH019,truck,ambient,5000,32,diesel,5.5,260,Peliyagoda
VEH020,truck,ambient,7000,40,diesel,5.5,260,Peliyagoda
VEH021,truck,ambient,5000,32,diesel,5.5,260,Peliyagoda
VEH022,truck,ambient,7000,40,diesel,5.5,260,Peliyagoda
VEH023,truck,ambient,5000,32,diesel,5.5,260,Peliyagoda
VEH024,truck,ambient,7000,40,diesel,5.5,260,Peliyagoda
VEH025,truck,ambient,5000,32,diesel,5.5,260,Peliyagoda
VEH026,truck,ambient,7000,40,diesel,5.5,260,Peliyagoda
VEH027,truck,ambient,5000,32,diesel,5.5,260,Peliyagoda
VEH028,truck,ambient,7000,40,diesel,5.5,260,Peliyagoda
VEH029,truck,ambient,5000,32,diesel,5.5,260,Peliyagoda
VEH030,truck,ambient,7000,40,diesel,5.5,260,Peliyagoda
VEH031,truck,ambient,5000,32,diesel,5.5,260,Peliyagoda
VEH032,truck,ambient,7000,40,diesel,5.5,260,Peliyagoda
VEH033,truck,ambient,5000,32,diesel,5.5,260,Peliyagoda
VEH034,truck,ambient,7000,40,diesel,5.5,260,Peliyagoda
VEH035,truck,ambient,5000,32,diesel,5.5,260,Peliyagoda
VEH036,truck,ambient,7000,40,diesel,5.5,260,Peliyagoda
VEH037,truck,ambient,5000,32,diesel,5.5,260,Peliyagoda
VEH038,truck,ambient,7000,40,diesel,5.5,260,Peliyagoda
VEH039,truck,ambient,5000,32,diesel,5.5,260,Peliyagoda
VEH040,truck,ambient,7000,40,diesel,5.5,260,Peliyagoda
VEH041,truck,ambient,5000,32,diesel,5.5,260,Peliyagoda
VEH042,truck,ambient,7000,40,diesel,5.5,260,Peliyagoda
VEH043,truck,ambient,5000,32,diesel,5.5,260,Peliyagoda
VEH044,truck,ambient,7000,40,diesel,5.5,260,Kandy
VEH045,truck,ambient,5000,32,diesel,5.5,260,Kandy
VEH046,truck,ambient,7000,40,diesel,5.5,260,Kandy
VEH047,truck,ambient,5000,32,diesel,5.5,260,Kandy
VEH048,truck,ambient,7000,40,diesel,5.5,260,Kandy
VEH049,truck,ambient,5000,32,diesel,5.5,260,Kandy
VEH050,truck,ambient,7000,40,diesel,5.5,260,Kandy
VEH051,truck,ambient,5000,32,diesel,5.5,260,Kandy
VEH052,truck,ambient,7000,40,diesel,5.5,260,Kandy
VEH053,van,reefer,1000,7,diesel,9.5,140,Peliyagoda
VEH054,van,reefer,1000,7,diesel,9.5,140,Peliyagoda
VEH055,van,reefer,1000,7,diesel,9.5,140,Peliyagoda
VEH056,van,reefer,1000,7,diesel,9.5,140,Kandy
VEH057,van,ambient,1200,9,diesel,10.5,140,Peliyagoda
VEH058,van,ambient,1200,9,diesel,10.5,140,Peliyagoda
VEH059,van,ambient,1200,9,diesel,10.5,140,Peliyagoda
VEH060,van,ambient,1200,9,diesel,10.5,140,Kandy
